A,B,C,D,E,F,G,H,I,J,,F7,F8,F9,F10,F11,F12,F13
0,0,0,0,0,0,0,0,0,0,,0,0,0,0,0,0,0
0,0,0,0,0,0,0,0,0,1,,1,1,1,1,1,1,0
0,0,0,0,0,0,0,0,1,0,,1,1,1,0,0,1,1
0,0,0,0,0,0,0,0,1,1,,X,X,X,X,X,X,X
0,0,0,0,0,0,0,1,0,0,,1,1,1,1,1,1,1
0,0,0,0,0,0,0,1,0,1,,X,X,X,X,X,X,X
0,0,0,0,0,0,0,1,1,0,,X,X,X,X,X,X,X
0,0,0,0,0,0,0,1,1,1,,X,X,X,X,X,X,X
0,0,0,0,0,0,1,0,0,0,,1,1,1,0,0,0,0
0,0,0,0,0,0,1,0,0,1,,X,X,X,X,X,X,X
0,0,0,0,0,0,1,0,1,0,,X,X,X,X,X,X,X
0,0,0,0,0,0,1,0,1,1,,X,X,X,X,X,X,X
0,0,0,0,0,0,1,1,0,0,,X,X,X,X,X,X,X
0,0,0,0,0,0,1,1,0,1,,X,X,X,X,X,X,X
0,0,0,0,0,0,1,1,1,0,,X,X,X,X,X,X,X
0,0,0,0,0,0,1,1,1,1,,X,X,X,X,X,X,X
0,0,0,0,0,1,0,0,0,0,,0,0,1,1,1,1,1
0,0,0,0,0,1,0,0,0,1,,X,X,X,X,X,X,X
0,0,0,0,0,1,0,0,1,0,,X,X,X,X,X,X,X
0,0,0,0,0,1,0,0,1,1,,X,X,X,X,X,X,X
0,0,0,0,0,1,0,1,0,0,,X,X,X,X,X,X,X
0,0,0,0,0,1,0,1,0,1,,X,X,X,X,X,X,X
0,0,0,0,0,1,0,1,1,0,,X,X,X,X,X,X,X
0,0,0,0,0,1,0,1,1,1,,X,X,X,X,X,X,X
0,0,0,0,0,1,1,0,0,0,,X,X,X,X,X,X,X
0,0,0,0,0,1,1,0,0,1,,X,X,X,X,X,X,X
0,0,0,0,0,1,1,0,1,0,,X,X,X,X,X,X,X
0,0,0,0,0,1,1,0,1,1,,X,X,X,X,X,X,X
0,0,0,0,0,1,1,1,0,0,,X,X,X,X,X,X,X
0,0,0,0,0,1,1,1,0,1,,X,X,X,X,X,X,X
0,0,0,0,0,1,1,1,1,0,,X,X,X,X,X,X,X
0,0,0,0,0,1,1,1,1,1,,X,X,X,X,X,X,X
0,0,0,0,1,0,0,0,0,0,,1,0,1,1,0,1,1
0,0,0,0,1,0,0,0,0,1,,X,X,X,X,X,X,X
0,0,0,0,1,0,0,0,1,0,,X,X,X,X,X,X,X
0,0,0,0,1,0,0,0,1,1,,X,X,X,X,X,X,X
0,0,0,0,1,0,0,1,0,0,,X,X,X,X,X,X,X
0,0,0,0,1,0,0,1,0,1,,X,X,X,X,X,X,X
0,0,0,0,1,0,0,1,1,0,,X,X,X,X,X,X,X
0,0,0,0,1,0,0,1,1,1,,X,X,X,X,X,X,X
0,0,0,0,1,0,1,0,0,0,,X,X,X,X,X,X,X
0,0,0,0,1,0,1,0,0,1,,X,X,X,X,X,X,X
0,0,0,0,1,0,1,0,1,0,,X,X,X,X,X,X,X
0,0,0,0,1,0,1,0,1,1,,X,X,X,X,X,X,X
0,0,0,0,1,0,1,1,0,0,,X,X,X,X,X,X,X
0,0,0,0,1,0,1,1,0,1,,X,X,X,X,X,X,X
0,0,0,0,1,0,1,1,1,0,,X,X,X,X,X,X,X
0,0,0,0,1,0,1,1,1,1,,X,X,X,X,X,X,X
0,0,0,0,1,1,0,0,0,0,,X,X,X,X,X,X,X
0,0,0,0,1,1,0,0,0,1,,X,X,X,X,X,X,X
0,0,0,0,1,1,0,0,1,0,,X,X,X,X,X,X,X
0,0,0,0,1,1,0,0,1,1,,X,X,X,X,X,X,X
0,0,0,0,1,1,0,1,0,0,,X,X,X,X,X,X,X
0,0,0,0,1,1,0,1,0,1,,X,X,X,X,X,X,X
0,0,0,0,1,1,0,1,1,0,,X,X,X,X,X,X,X
0,0,0,0,1,1,0,1,1,1,,X,X,X,X,X,X,X
0,0,0,0,1,1,1,0,0,0,,X,X,X,X,X,X,X
0,0,0,0,1,1,1,0,0,1,,X,X,X,X,X,X,X
0,0,0,0,1,1,1,0,1,0,,X,X,X,X,X,X,X
0,0,0,0,1,1,1,0,1,1,,X,X,X,X,X,X,X
0,0,0,0,1,1,1,1,0,0,,X,X,X,X,X,X,X
0,0,0,0,1,1,1,1,0,1,,X,X,X,X,X,X,X
0,0,0,0,1,1,1,1,1,0,,X,X,X,X,X,X,X
0,0,0,0,1,1,1,1,1,1,,X,X,X,X,X,X,X
0,0,0,1,0,0,0,0,0,0,,0,1,1,0,0,1,1
0,0,0,1,0,0,0,0,0,1,,X,X,X,X,X,X,X
0,0,0,1,0,0,0,0,1,0,,X,X,X,X,X,X,X
0,0,0,1,0,0,0,0,1,1,,X,X,X,X,X,X,X
0,0,0,1,0,0,0,1,0,0,,X,X,X,X,X,X,X
0,0,0,1,0,0,0,1,0,1,,X,X,X,X,X,X,X
0,0,0,1,0,0,0,1,1,0,,X,X,X,X,X,X,X
0,0,0,1,0,0,0,1,1,1,,X,X,X,X,X,X,X
0,0,0,1,0,0,1,0,0,0,,X,X,X,X,X,X,X
0,0,0,1,0,0,1,0,0,1,,X,X,X,X,X,X,X
0,0,0,1,0,0,1,0,1,0,,X,X,X,X,X,X,X
0,0,0,1,0,0,1,0,1,1,,X,X,X,X,X,X,X
0,0,0,1,0,0,1,1,0,0,,X,X,X,X,X,X,X
0,0,0,1,0,0,1,1,0,1,,X,X,X,X,X,X,X
0,0,0,1,0,0,1,1,1,0,,X,X,X,X,X,X,X
0,0,0,1,0,0,1,1,1,1,,X,X,X,X,X,X,X
0,0,0,1,0,1,0,0,0,0,,X,X,X,X,X,X,X
0,0,0,1,0,1,0,0,0,1,,X,X,X,X,X,X,X
0,0,0,1,0,1,0,0,1,0,,X,X,X,X,X,X,X
0,0,0,1,0,1,0,0,1,1,,X,X,X,X,X,X,X
0,0,0,1,0,1,0,1,0,0,,X,X,X,X,X,X,X
0,0,0,1,0,1,0,1,0,1,,X,X,X,X,X,X,X
0,0,0,1,0,1,0,1,1,0,,X,X,X,X,X,X,X
0,0,0,1,0,1,0,1,1,1,,X,X,X,X,X,X,X
0,0,0,1,0,1,1,0,0,0,,X,X,X,X,X,X,X
0,0,0,1,0,1,1,0,0,1,,X,X,X,X,X,X,X
0,0,0,1,0,1,1,0,1,0,,X,X,X,X,X,X,X
0,0,0,1,0,1,1,0,1,1,,X,X,X,X,X,X,X
0,0,0,1,0,1,1,1,0,0,,X,X,X,X,X,X,X
0,0,0,1,0,1,1,1,0,1,,X,X,X,X,X,X,X
0,0,0,1,0,1,1,1,1,0,,X,X,X,X,X,X,X
0,0,0,1,0,1,1,1,1,1,,X,X,X,X,X,X,X
0,0,0,1,1,0,0,0,0,0,,X,X,X,X,X,X,X
0,0,0,1,1,0,0,0,0,1,,X,X,X,X,X,X,X
0,0,0,1,1,0,0,0,1,0,,X,X,X,X,X,X,X
0,0,0,1,1,0,0,0,1,1,,X,X,X,X,X,X,X
0,0,0,1,1,0,0,1,0,0,,X,X,X,X,X,X,X
0,0,0,1,1,0,0,1,0,1,,X,X,X,X,X,X,X
0,0,0,1,1,0,0,1,1,0,,X,X,X,X,X,X,X
0,0,0,1,1,0,0,1,1,1,,X,X,X,X,X,X,X
0,0,0,1,1,0,1,0,0,0,,X,X,X,X,X,X,X
0,0,0,1,1,0,1,0,0,1,,X,X,X,X,X,X,X
0,0,0,1,1,0,1,0,1,0,,X,X,X,X,X,X,X
0,0,0,1,1,0,1,0,1,1,,X,X,X,X,X,X,X
0,0,0,1,1,0,1,1,0,0,,X,X,X,X,X,X,X
0,0,0,1,1,0,1,1,0,1,,X,X,X,X,X,X,X
0,0,0,1,1,0,1,1,1,0,,X,X,X,X,X,X,X
0,0,0,1,1,0,1,1,1,1,,X,X,X,X,X,X,X
0,0,0,1,1,1,0,0,0,0,,X,X,X,X,X,X,X
0,0,0,1,1,1,0,0,0,1,,X,X,X,X,X,X,X
0,0,0,1,1,1,0,0,1,0,,X,X,X,X,X,X,X
0,0,0,1,1,1,0,0,1,1,,X,X,X,X,X,X,X
0,0,0,1,1,1,0,1,0,0,,X,X,X,X,X,X,X
0,0,0,1,1,1,0,1,0,1,,X,X,X,X,X,X,X
0,0,0,1,1,1,0,1,1,0,,X,X,X,X,X,X,X
0,0,0,1,1,1,0,1,1,1,,X,X,X,X,X,X,X
0,0,0,1,1,1,1,0,0,0,,X,X,X,X,X,X,X
0,0,0,1,1,1,1,0,0,1,,X,X,X,X,X,X,X
0,0,0,1,1,1,1,0,1,0,,X,X,X,X,X,X,X
0,0,0,1,1,1,1,0,1,1,,X,X,X,X,X,X,X
0,0,0,1,1,1,1,1,0,0,,X,X,X,X,X,X,X
0,0,0,1,1,1,1,1,0,1,,X,X,X,X,X,X,X
0,0,0,1,1,1,1,1,1,0,,X,X,X,X,X,X,X
0,0,0,1,1,1,1,1,1,1,,X,X,X,X,X,X,X
0,0,1,0,0,0,0,0,0,0,,1,1,1,1,0,0,1
0,0,1,0,0,0,0,0,0,1,,X,X,X,X,X,X,X
0,0,1,0,0,0,0,0,1,0,,X,X,X,X,X,X,X
0,0,1,0,0,0,0,0,1,1,,X,X,X,X,X,X,X
0,0,1,0,0,0,0,1,0,0,,X,X,X,X,X,X,X
0,0,1,0,0,0,0,1,0,1,,X,X,X,X,X,X,X
0,0,1,0,0,0,0,1,1,0,,X,X,X,X,X,X,X
0,0,1,0,0,0,0,1,1,1,,X,X,X,X,X,X,X
0,0,1,0,0,0,1,0,0,0,,X,X,X,X,X,X,X
0,0,1,0,0,0,1,0,0,1,,X,X,X,X,X,X,X
0,0,1,0,0,0,1,0,1,0,,X,X,X,X,X,X,X
0,0,1,0,0,0,1,0,1,1,,X,X,X,X,X,X,X
0,0,1,0,0,0,1,1,0,0,,X,X,X,X,X,X,X
0,0,1,0,0,0,1,1,0,1,,X,X,X,X,X,X,X
0,0,1,0,0,0,1,1,1,0,,X,X,X,X,X,X,X
0,0,1,0,0,0,1,1,1,1,,X,X,X,X,X,X,X
0,0,1,0,0,1,0,0,0,0,,X,X,X,X,X,X,X
0,0,1,0,0,1,0,0,0,1,,X,X,X,X,X,X,X
0,0,1,0,0,1,0,0,1,0,,X,X,X,X,X,X,X
0,0,1,0,0,1,0,0,1,1,,X,X,X,X,X,X,X
0,0,1,0,0,1,0,1,0,0,,X,X,X,X,X,X,X
0,0,1,0,0,1,0,1,0,1,,X,X,X,X,X,X,X
0,0,1,0,0,1,0,1,1,0,,X,X,X,X,X,X,X
0,0,1,0,0,1,0,1,1,1,,X,X,X,X,X,X,X
0,0,1,0,0,1,1,0,0,0,,X,X,X,X,X,X,X
0,0,1,0,0,1,1,0,0,1,,X,X,X,X,X,X,X
0,0,1,0,0,1,1,0,1,0,,X,X,X,X,X,X,X
0,0,1,0,0,1,1,0,1,1,,X,X,X,X,X,X,X
0,0,1,0,0,1,1,1,0,0,,X,X,X,X,X,X,X
0,0,1,0,0,1,1,1,0,1,,X,X,X,X,X,X,X
0,0,1,0,0,1,1,1,1,0,,X,X,X,X,X,X,X
0,0,1,0,0,1,1,1,1,1,,X,X,X,X,X,X,X
0,0,1,0,1,0,0,0,0,0,,X,X,X,X,X,X,X
0,0,1,0,1,0,0,0,0,1,,X,X,X,X,X,X,X
0,0,1,0,1,0,0,0,1,0,,X,X,X,X,X,X,X
0,0,1,0,1,0,0,0,1,1,,X,X,X,X,X,X,X
0,0,1,0,1,0,0,1,0,0,,X,X,X,X,X,X,X
0,0,1,0,1,0,0,1,0,1,,X,X,X,X,X,X,X
0,0,1,0,1,0,0,1,1,0,,X,X,X,X,X,X,X
0,0,1,0,1,0,0,1,1,1,,X,X,X,X,X,X,X
0,0,1,0,1,0,1,0,0,0,,X,X,X,X,X,X,X
0,0,1,0,1,0,1,0,0,1,,X,X,X,X,X,X,X
0,0,1,0,1,0,1,0,1,0,,X,X,X,X,X,X,X
0,0,1,0,1,0,1,0,1,1,,X,X,X,X,X,X,X
0,0,1,0,1,0,1,1,0,0,,X,X,X,X,X,X,X
0,0,1,0,1,0,1,1,0,1,,X,X,X,X,X,X,X
0,0,1,0,1,0,1,1,1,0,,X,X,X,X,X,X,X
0,0,1,0,1,0,1,1,1,1,,X,X,X,X,X,X,X
0,0,1,0,1,1,0,0,0,0,,X,X,X,X,X,X,X
0,0,1,0,1,1,0,0,0,1,,X,X,X,X,X,X,X
0,0,1,0,1,1,0,0,1,0,,X,X,X,X,X,X,X
0,0,1,0,1,1,0,0,1,1,,X,X,X,X,X,X,X
0,0,1,0,1,1,0,1,0,0,,X,X,X,X,X,X,X
0,0,1,0,1,1,0,1,0,1,,X,X,X,X,X,X,X
0,0,1,0,1,1,0,1,1,0,,X,X,X,X,X,X,X
0,0,1,0,1,1,0,1,1,1,,X,X,X,X,X,X,X
0,0,1,0,1,1,1,0,0,0,,X,X,X,X,X,X,X
0,0,1,0,1,1,1,0,0,1,,X,X,X,X,X,X,X
0,0,1,0,1,1,1,0,1,0,,X,X,X,X,X,X,X
0,0,1,0,1,1,1,0,1,1,,X,X,X,X,X,X,X
0,0,1,0,1,1,1,1,0,0,,X,X,X,X,X,X,X
0,0,1,0,1,1,1,1,0,1,,X,X,X,X,X,X,X
0,0,1,0,1,1,1,1,1,0,,X,X,X,X,X,X,X
0,0,1,0,1,1,1,1,1,1,,X,X,X,X,X,X,X
0,0,1,1,0,0,0,0,0,0,,X,X,X,X,X,X,X
0,0,1,1,0,0,0,0,0,1,,X,X,X,X,X,X,X
0,0,1,1,0,0,0,0,1,0,,X,X,X,X,X,X,X
0,0,1,1,0,0,0,0,1,1,,X,X,X,X,X,X,X
0,0,1,1,0,0,0,1,0,0,,X,X,X,X,X,X,X
0,0,1,1,0,0,0,1,0,1,,X,X,X,X,X,X,X
0,0,1,1,0,0,0,1,1,0,,X,X,X,X,X,X,X
0,0,1,1,0,0,0,1,1,1,,X,X,X,X,X,X,X
0,0,1,1,0,0,1,0,0,0,,X,X,X,X,X,X,X
0,0,1,1,0,0,1,0,0,1,,X,X,X,X,X,X,X
0,0,1,1,0,0,1,0,1,0,,X,X,X,X,X,X,X
0,0,1,1,0,0,1,0,1,1,,X,X,X,X,X,X,X
0,0,1,1,0,0,1,1,0,0,,X,X,X,X,X,X,X
0,0,1,1,0,0,1,1,0,1,,X,X,X,X,X,X,X
0,0,1,1,0,0,1,1,1,0,,X,X,X,X,X,X,X
0,0,1,1,0,0,1,1,1,1,,X,X,X,X,X,X,X
0,0,1,1,0,1,0,0,0,0,,X,X,X,X,X,X,X
0,0,1,1,0,1,0,0,0,1,,X,X,X,X,X,X,X
0,0,1,1,0,1,0,0,1,0,,X,X,X,X,X,X,X
0,0,1,1,0,1,0,0,1,1,,X,X,X,X,X,X,X
0,0,1,1,0,1,0,1,0,0,,X,X,X,X,X,X,X
0,0,1,1,0,1,0,1,0,1,,X,X,X,X,X,X,X
0,0,1,1,0,1,0,1,1,0,,X,X,X,X,X,X,X
0,0,1,1,0,1,0,1,1,1,,X,X,X,X,X,X,X
0,0,1,1,0,1,1,0,0,0,,X,X,X,X,X,X,X
0,0,1,1,0,1,1,0,0,1,,X,X,X,X,X,X,X
0,0,1,1,0,1,1,0,1,0,,X,X,X,X,X,X,X
0,0,1,1,0,1,1,0,1,1,,X,X,X,X,X,X,X
0,0,1,1,0,1,1,1,0,0,,X,X,X,X,X,X,X
0,0,1,1,0,1,1,1,0,1,,X,X,X,X,X,X,X
0,0,1,1,0,1,1,1,1,0,,X,X,X,X,X,X,X
0,0,1,1,0,1,1,1,1,1,,X,X,X,X,X,X,X
0,0,1,1,1,0,0,0,0,0,,X,X,X,X,X,X,X
0,0,1,1,1,0,0,0,0,1,,X,X,X,X,X,X,X
0,0,1,1,1,0,0,0,1,0,,X,X,X,X,X,X,X
0,0,1,1,1,0,0,0,1,1,,X,X,X,X,X,X,X
0,0,1,1,1,0,0,1,0,0,,X,X,X,X,X,X,X
0,0,1,1,1,0,0,1,0,1,,X,X,X,X,X,X,X
0,0,1,1,1,0,0,1,1,0,,X,X,X,X,X,X,X
0,0,1,1,1,0,0,1,1,1,,X,X,X,X,X,X,X
0,0,1,1,1,0,1,0,0,0,,X,X,X,X,X,X,X
0,0,1,1,1,0,1,0,0,1,,X,X,X,X,X,X,X
0,0,1,1,1,0,1,0,1,0,,X,X,X,X,X,X,X
0,0,1,1,1,0,1,0,1,1,,X,X,X,X,X,X,X
0,0,1,1,1,0,1,1,0,0,,X,X,X,X,X,X,X
0,0,1,1,1,0,1,1,0,1,,X,X,X,X,X,X,X
0,0,1,1,1,0,1,1,1,0,,X,X,X,X,X,X,X
0,0,1,1,1,0,1,1,1,1,,X,X,X,X,X,X,X
0,0,1,1,1,1,0,0,0,0,,X,X,X,X,X,X,X
0,0,1,1,1,1,0,0,0,1,,X,X,X,X,X,X,X
0,0,1,1,1,1,0,0,1,0,,X,X,X,X,X,X,X
0,0,1,1,1,1,0,0,1,1,,X,X,X,X,X,X,X
0,0,1,1,1,1,0,1,0,0,,X,X,X,X,X,X,X
0,0,1,1,1,1,0,1,0,1,,X,X,X,X,X,X,X
0,0,1,1,1,1,0,1,1,0,,X,X,X,X,X,X,X
0,0,1,1,1,1,0,1,1,1,,X,X,X,X,X,X,X
0,0,1,1,1,1,1,0,0,0,,X,X,X,X,X,X,X
0,0,1,1,1,1,1,0,0,1,,X,X,X,X,X,X,X
0,0,1,1,1,1,1,0,1,0,,X,X,X,X,X,X,X
0,0,1,1,1,1,1,0,1,1,,X,X,X,X,X,X,X
0,0,1,1,1,1,1,1,0,0,,X,X,X,X,X,X,X
0,0,1,1,1,1,1,1,0,1,,X,X,X,X,X,X,X
0,0,1,1,1,1,1,1,1,0,,X,X,X,X,X,X,X
0,0,1,1,1,1,1,1,1,1,,X,X,X,X,X,X,X
0,1,0,0,0,0,0,0,0,0,,1,1,0,1,1,0,1
0,1,0,0,0,0,0,0,0,1,,X,X,X,X,X,X,X
0,1,0,0,0,0,0,0,1,0,,X,X,X,X,X,X,X
0,1,0,0,0,0,0,0,1,1,,X,X,X,X,X,X,X
0,1,0,0,0,0,0,1,0,0,,X,X,X,X,X,X,X
0,1,0,0,0,0,0,1,0,1,,X,X,X,X,X,X,X
0,1,0,0,0,0,0,1,1,0,,X,X,X,X,X,X,X
0,1,0,0,0,0,0,1,1,1,,X,X,X,X,X,X,X
0,1,0,0,0,0,1,0,0,0,,X,X,X,X,X,X,X
0,1,0,0,0,0,1,0,0,1,,X,X,X,X,X,X,X
0,1,0,0,0,0,1,0,1,0,,X,X,X,X,X,X,X
0,1,0,0,0,0,1,0,1,1,,X,X,X,X,X,X,X
0,1,0,0,0,0,1,1,0,0,,X,X,X,X,X,X,X
0,1,0,0,0,0,1,1,0,1,,X,X,X,X,X,X,X
0,1,0,0,0,0,1,1,1,0,,X,X,X,X,X,X,X
0,1,0,0,0,0,1,1,1,1,,X,X,X,X,X,X,X
0,1,0,0,0,1,0,0,0,0,,X,X,X,X,X,X,X
0,1,0,0,0,1,0,0,0,1,,X,X,X,X,X,X,X
0,1,0,0,0,1,0,0,1,0,,X,X,X,X,X,X,X
0,1,0,0,0,1,0,0,1,1,,X,X,X,X,X,X,X
0,1,0,0,0,1,0,1,0,0,,X,X,X,X,X,X,X
0,1,0,0,0,1,0,1,0,1,,X,X,X,X,X,X,X
0,1,0,0,0,1,0,1,1,0,,X,X,X,X,X,X,X
0,1,0,0,0,1,0,1,1,1,,X,X,X,X,X,X,X
0,1,0,0,0,1,1,0,0,0,,X,X,X,X,X,X,X
0,1,0,0,0,1,1,0,0,1,,X,X,X,X,X,X,X
0,1,0,0,0,1,1,0,1,0,,X,X,X,X,X,X,X
0,1,0,0,0,1,1,0,1,1,,X,X,X,X,X,X,X
0,1,0,0,0,1,1,1,0,0,,X,X,X,X,X,X,X
0,1,0,0,0,1,1,1,0,1,,X,X,X,X,X,X,X
0,1,0,0,0,1,1,1,1,0,,X,X,X,X,X,X,X
0,1,0,0,0,1,1,1,1,1,,X,X,X,X,X,X,X
0,1,0,0,1,0,0,0,0,0,,X,X,X,X,X,X,X
0,1,0,0,1,0,0,0,0,1,,X,X,X,X,X,X,X
0,1,0,0,1,0,0,0,1,0,,X,X,X,X,X,X,X
0,1,0,0,1,0,0,0,1,1,,X,X,X,X,X,X,X
0,1,0,0,1,0,0,1,0,0,,X,X,X,X,X,X,X
0,1,0,0,1,0,0,1,0,1,,X,X,X,X,X,X,X
0,1,0,0,1,0,0,1,1,0,,X,X,X,X,X,X,X
0,1,0,0,1,0,0,1,1,1,,X,X,X,X,X,X,X
0,1,0,0,1,0,1,0,0,0,,X,X,X,X,X,X,X
0,1,0,0,1,0,1,0,0,1,,X,X,X,X,X,X,X
0,1,0,0,1,0,1,0,1,0,,X,X,X,X,X,X,X
0,1,0,0,1,0,1,0,1,1,,X,X,X,X,X,X,X
0,1,0,0,1,0,1,1,0,0,,X,X,X,X,X,X,X
0,1,0,0,1,0,1,1,0,1,,X,X,X,X,X,X,X
0,1,0,0,1,0,1,1,1,0,,X,X,X,X,X,X,X
0,1,0,0,1,0,1,1,1,1,,X,X,X,X,X,X,X
0,1,0,0,1,1,0,0,0,0,,X,X,X,X,X,X,X
0,1,0,0,1,1,0,0,0,1,,X,X,X,X,X,X,X
0,1,0,0,1,1,0,0,1,0,,X,X,X,X,X,X,X
0,1,0,0,1,1,0,0,1,1,,X,X,X,X,X,X,X
0,1,0,0,1,1,0,1,0,0,,X,X,X,X,X,X,X
0,1,0,0,1,1,0,1,0,1,,X,X,X,X,X,X,X
0,1,0,0,1,1,0,1,1,0,,X,X,X,X,X,X,X
0,1,0,0,1,1,0,1,1,1,,X,X,X,X,X,X,X
0,1,0,0,1,1,1,0,0,0,,X,X,X,X,X,X,X
0,1,0,0,1,1,1,0,0,1,,X,X,X,X,X,X,X
0,1,0,0,1,1,1,0,1,0,,X,X,X,X,X,X,X
0,1,0,0,1,1,1,0,1,1,,X,X,X,X,X,X,X
0,1,0,0,1,1,1,1,0,0,,X,X,X,X,X,X,X
0,1,0,0,1,1,1,1,0,1,,X,X,X,X,X,X,X
0,1,0,0,1,1,1,1,1,0,,X,X,X,X,X,X,X
0,1,0,0,1,1,1,1,1,1,,X,X,X,X,X,X,X
0,1,0,1,0,0,0,0,0,0,,X,X,X,X,X,X,X
0,1,0,1,0,0,0,0,0,1,,X,X,X,X,X,X,X
0,1,0,1,0,0,0,0,1,0,,X,X,X,X,X,X,X
0,1,0,1,0,0,0,0,1,1,,X,X,X,X,X,X,X
0,1,0,1,0,0,0,1,0,0,,X,X,X,X,X,X,X
0,1,0,1,0,0,0,1,0,1,,X,X,X,X,X,X,X
0,1,0,1,0,0,0,1,1,0,,X,X,X,X,X,X,X
0,1,0,1,0,0,0,1,1,1,,X,X,X,X,X,X,X
0,1,0,1,0,0,1,0,0,0,,X,X,X,X,X,X,X
0,1,0,1,0,0,1,0,0,1,,X,X,X,X,X,X,X
0,1,0,1,0,0,1,0,1,0,,X,X,X,X,X,X,X
0,1,0,1,0,0,1,0,1,1,,X,X,X,X,X,X,X
0,1,0,1,0,0,1,1,0,0,,X,X,X,X,X,X,X
0,1,0,1,0,0,1,1,0,1,,X,X,X,X,X,X,X
0,1,0,1,0,0,1,1,1,0,,X,X,X,X,X,X,X
0,1,0,1,0,0,1,1,1,1,,X,X,X,X,X,X,X
0,1,0,1,0,1,0,0,0,0,,X,X,X,X,X,X,X
0,1,0,1,0,1,0,0,0,1,,X,X,X,X,X,X,X
0,1,0,1,0,1,0,0,1,0,,X,X,X,X,X,X,X
0,1,0,1,0,1,0,0,1,1,,X,X,X,X,X,X,X
0,1,0,1,0,1,0,1,0,0,,X,X,X,X,X,X,X
0,1,0,1,0,1,0,1,0,1,,X,X,X,X,X,X,X
0,1,0,1,0,1,0,1,1,0,,X,X,X,X,X,X,X
0,1,0,1,0,1,0,1,1,1,,X,X,X,X,X,X,X
0,1,0,1,0,1,1,0,0,0,,X,X,X,X,X,X,X
0,1,0,1,0,1,1,0,0,1,,X,X,X,X,X,X,X
0,1,0,1,0,1,1,0,1,0,,X,X,X,X,X,X,X
0,1,0,1,0,1,1,0,1,1,,X,X,X,X,X,X,X
0,1,0,1,0,1,1,1,0,0,,X,X,X,X,X,X,X
0,1,0,1,0,1,1,1,0,1,,X,X,X,X,X,X,X
0,1,0,1,0,1,1,1,1,0,,X,X,X,X,X,X,X
0,1,0,1,0,1,1,1,1,1,,X,X,X,X,X,X,X
0,1,0,1,1,0,0,0,0,0,,X,X,X,X,X,X,X
0,1,0,1,1,0,0,0,0,1,,X,X,X,X,X,X,X
0,1,0,1,1,0,0,0,1,0,,X,X,X,X,X,X,X
0,1,0,1,1,0,0,0,1,1,,X,X,X,X,X,X,X
0,1,0,1,1,0,0,1,0,0,,X,X,X,X,X,X,X
0,1,0,1,1,0,0,1,0,1,,X,X,X,X,X,X,X
0,1,0,1,1,0,0,1,1,0,,X,X,X,X,X,X,X
0,1,0,1,1,0,0,1,1,1,,X,X,X,X,X,X,X
0,1,0,1,1,0,1,0,0,0,,X,X,X,X,X,X,X
0,1,0,1,1,0,1,0,0,1,,X,X,X,X,X,X,X
0,1,0,1,1,0,1,0,1,0,,X,X,X,X,X,X,X
0,1,0,1,1,0,1,0,1,1,,X,X,X,X,X,X,X
0,1,0,1,1,0,1,1,0,0,,X,X,X,X,X,X,X
0,1,0,1,1,0,1,1,0,1,,X,X,X,X,X,X,X
0,1,0,1,1,0,1,1,1,0,,X,X,X,X,X,X,X
0,1,0,1,1,0,1,1,1,1,,X,X,X,X,X,X,X
0,1,0,1,1,1,0,0,0,0,,X,X,X,X,X,X,X
0,1,0,1,1,1,0,0,0,1,,X,X,X,X,X,X,X
0,1,0,1,1,1,0,0,1,0,,X,X,X,X,X,X,X
0,1,0,1,1,1,0,0,1,1,,X,X,X,X,X,X,X
0,1,0,1,1,1,0,1,0,0,,X,X,X,X,X,X,X
0,1,0,1,1,1,0,1,0,1,,X,X,X,X,X,X,X
0,1,0,1,1,1,0,1,1,0,,X,X,X,X,X,X,X
0,1,0,1,1,1,0,1,1,1,,X,X,X,X,X,X,X
0,1,0,1,1,1,1,0,0,0,,X,X,X,X,X,X,X
0,1,0,1,1,1,1,0,0,1,,X,X,X,X,X,X,X
0,1,0,1,1,1,1,0,1,0,,X,X,X,X,X,X,X
0,1,0,1,1,1,1,0,1,1,,X,X,X,X,X,X,X
0,1,0,1,1,1,1,1,0,0,,X,X,X,X,X,X,X
0,1,0,1,1,1,1,1,0,1,,X,X,X,X,X,X,X
0,1,0,1,1,1,1,1,1,0,,X,X,X,X,X,X,X
0,1,0,1,1,1,1,1,1,1,,X,X,X,X,X,X,X
0,1,1,0,0,0,0,0,0,0,,X,X,X,X,X,X,X
0,1,1,0,0,0,0,0,0,1,,X,X,X,X,X,X,X
0,1,1,0,0,0,0,0,1,0,,X,X,X,X,X,X,X
0,1,1,0,0,0,0,0,1,1,,X,X,X,X,X,X,X
0,1,1,0,0,0,0,1,0,0,,X,X,X,X,X,X,X
0,1,1,0,0,0,0,1,0,1,,X,X,X,X,X,X,X
0,1,1,0,0,0,0,1,1,0,,X,X,X,X,X,X,X
0,1,1,0,0,0,0,1,1,1,,X,X,X,X,X,X,X
0,1,1,0,0,0,1,0,0,0,,X,X,X,X,X,X,X
0,1,1,0,0,0,1,0,0,1,,X,X,X,X,X,X,X
0,1,1,0,0,0,1,0,1,0,,X,X,X,X,X,X,X
0,1,1,0,0,0,1,0,1,1,,X,X,X,X,X,X,X
0,1,1,0,0,0,1,1,0,0,,X,X,X,X,X,X,X
0,1,1,0,0,0,1,1,0,1,,X,X,X,X,X,X,X
0,1,1,0,0,0,1,1,1,0,,X,X,X,X,X,X,X
0,1,1,0,0,0,1,1,1,1,,X,X,X,X,X,X,X
0,1,1,0,0,1,0,0,0,0,,X,X,X,X,X,X,X
0,1,1,0,0,1,0,0,0,1,,X,X,X,X,X,X,X
0,1,1,0,0,1,0,0,1,0,,X,X,X,X,X,X,X
0,1,1,0,0,1,0,0,1,1,,X,X,X,X,X,X,X
0,1,1,0,0,1,0,1,0,0,,X,X,X,X,X,X,X
0,1,1,0,0,1,0,1,0,1,,X,X,X,X,X,X,X
0,1,1,0,0,1,0,1,1,0,,X,X,X,X,X,X,X
0,1,1,0,0,1,0,1,1,1,,X,X,X,X,X,X,X
0,1,1,0,0,1,1,0,0,0,,X,X,X,X,X,X,X
0,1,1,0,0,1,1,0,0,1,,X,X,X,X,X,X,X
0,1,1,0,0,1,1,0,1,0,,X,X,X,X,X,X,X
0,1,1,0,0,1,1,0,1,1,,X,X,X,X,X,X,X
0,1,1,0,0,1,1,1,0,0,,X,X,X,X,X,X,X
0,1,1,0,0,1,1,1,0,1,,X,X,X,X,X,X,X
0,1,1,0,0,1,1,1,1,0,,X,X,X,X,X,X,X
0,1,1,0,0,1,1,1,1,1,,X,X,X,X,X,X,X
0,1,1,0,1,0,0,0,0,0,,X,X,X,X,X,X,X
0,1,1,0,1,0,0,0,0,1,,X,X,X,X,X,X,X
0,1,1,0,1,0,0,0,1,0,,X,X,X,X,X,X,X
0,1,1,0,1,0,0,0,1,1,,X,X,X,X,X,X,X
0,1,1,0,1,0,0,1,0,0,,X,X,X,X,X,X,X
0,1,1,0,1,0,0,1,0,1,,X,X,X,X,X,X,X
0,1,1,0,1,0,0,1,1,0,,X,X,X,X,X,X,X
0,1,1,0,1,0,0,1,1,1,,X,X,X,X,X,X,X
0,1,1,0,1,0,1,0,0,0,,X,X,X,X,X,X,X
0,1,1,0,1,0,1,0,0,1,,X,X,X,X,X,X,X
0,1,1,0,1,0,1,0,1,0,,X,X,X,X,X,X,X
0,1,1,0,1,0,1,0,1,1,,X,X,X,X,X,X,X
0,1,1,0,1,0,1,1,0,0,,X,X,X,X,X,X,X
0,1,1,0,1,0,1,1,0,1,,X,X,X,X,X,X,X
0,1,1,0,1,0,1,1,1,0,,X,X,X,X,X,X,X
0,1,1,0,1,0,1,1,1,1,,X,X,X,X,X,X,X
0,1,1,0,1,1,0,0,0,0,,X,X,X,X,X,X,X
0,1,1,0,1,1,0,0,0,1,,X,X,X,X,X,X,X
0,1,1,0,1,1,0,0,1,0,,X,X,X,X,X,X,X
0,1,1,0,1,1,0,0,1,1,,X,X,X,X,X,X,X
0,1,1,0,1,1,0,1,0,0,,X,X,X,X,X,X,X
0,1,1,0,1,1,0,1,0,1,,X,X,X,X,X,X,X
0,1,1,0,1,1,0,1,1,0,,X,X,X,X,X,X,X
0,1,1,0,1,1,0,1,1,1,,X,X,X,X,X,X,X
0,1,1,0,1,1,1,0,0,0,,X,X,X,X,X,X,X
0,1,1,0,1,1,1,0,0,1,,X,X,X,X,X,X,X
0,1,1,0,1,1,1,0,1,0,,X,X,X,X,X,X,X
0,1,1,0,1,1,1,0,1,1,,X,X,X,X,X,X,X
0,1,1,0,1,1,1,1,0,0,,X,X,X,X,X,X,X
0,1,1,0,1,1,1,1,0,1,,X,X,X,X,X,X,X
0,1,1,0,1,1,1,1,1,0,,X,X,X,X,X,X,X
0,1,1,0,1,1,1,1,1,1,,X,X,X,X,X,X,X
0,1,1,1,0,0,0,0,0,0,,X,X,X,X,X,X,X
0,1,1,1,0,0,0,0,0,1,,X,X,X,X,X,X,X
0,1,1,1,0,0,0,0,1,0,,X,X,X,X,X,X,X
0,1,1,1,0,0,0,0,1,1,,X,X,X,X,X,X,X
0,1,1,1,0,0,0,1,0,0,,X,X,X,X,X,X,X
0,1,1,1,0,0,0,1,0,1,,X,X,X,X,X,X,X
0,1,1,1,0,0,0,1,1,0,,X,X,X,X,X,X,X
0,1,1,1,0,0,0,1,1,1,,X,X,X,X,X,X,X
0,1,1,1,0,0,1,0,0,0,,X,X,X,X,X,X,X
0,1,1,1,0,0,1,0,0,1,,X,X,X,X,X,X,X
0,1,1,1,0,0,1,0,1,0,,X,X,X,X,X,X,X
0,1,1,1,0,0,1,0,1,1,,X,X,X,X,X,X,X
0,1,1,1,0,0,1,1,0,0,,X,X,X,X,X,X,X
0,1,1,1,0,0,1,1,0,1,,X,X,X,X,X,X,X
0,1,1,1,0,0,1,1,1,0,,X,X,X,X,X,X,X
0,1,1,1,0,0,1,1,1,1,,X,X,X,X,X,X,X
0,1,1,1,0,1,0,0,0,0,,X,X,X,X,X,X,X
0,1,1,1,0,1,0,0,0,1,,X,X,X,X,X,X,X
0,1,1,1,0,1,0,0,1,0,,X,X,X,X,X,X,X
0,1,1,1,0,1,0,0,1,1,,X,X,X,X,X,X,X
0,1,1,1,0,1,0,1,0,0,,X,X,X,X,X,X,X
0,1,1,1,0,1,0,1,0,1,,X,X,X,X,X,X,X
0,1,1,1,0,1,0,1,1,0,,X,X,X,X,X,X,X
0,1,1,1,0,1,0,1,1,1,,X,X,X,X,X,X,X
0,1,1,1,0,1,1,0,0,0,,X,X,X,X,X,X,X
0,1,1,1,0,1,1,0,0,1,,X,X,X,X,X,X,X
0,1,1,1,0,1,1,0,1,0,,X,X,X,X,X,X,X
0,1,1,1,0,1,1,0,1,1,,X,X,X,X,X,X,X
0,1,1,1,0,1,1,1,0,0,,X,X,X,X,X,X,X
0,1,1,1,0,1,1,1,0,1,,X,X,X,X,X,X,X
0,1,1,1,0,1,1,1,1,0,,X,X,X,X,X,X,X
0,1,1,1,0,1,1,1,1,1,,X,X,X,X,X,X,X
0,1,1,1,1,0,0,0,0,0,,X,X,X,X,X,X,X
0,1,1,1,1,0,0,0,0,1,,X,X,X,X,X,X,X
0,1,1,1,1,0,0,0,1,0,,X,X,X,X,X,X,X
0,1,1,1,1,0,0,0,1,1,,X,X,X,X,X,X,X
0,1,1,1,1,0,0,1,0,0,,X,X,X,X,X,X,X
0,1,1,1,1,0,0,1,0,1,,X,X,X,X,X,X,X
0,1,1,1,1,0,0,1,1,0,,X,X,X,X,X,X,X
0,1,1,1,1,0,0,1,1,1,,X,X,X,X,X,X,X
0,1,1,1,1,0,1,0,0,0,,X,X,X,X,X,X,X
0,1,1,1,1,0,1,0,0,1,,X,X,X,X,X,X,X
0,1,1,1,1,0,1,0,1,0,,X,X,X,X,X,X,X
0,1,1,1,1,0,1,0,1,1,,X,X,X,X,X,X,X
0,1,1,1,1,0,1,1,0,0,,X,X,X,X,X,X,X
0,1,1,1,1,0,1,1,0,1,,X,X,X,X,X,X,X
0,1,1,1,1,0,1,1,1,0,,X,X,X,X,X,X,X
0,1,1,1,1,0,1,1,1,1,,X,X,X,X,X,X,X
0,1,1,1,1,1,0,0,0,0,,X,X,X,X,X,X,X
0,1,1,1,1,1,0,0,0,1,,X,X,X,X,X,X,X
0,1,1,1,1,1,0,0,1,0,,X,X,X,X,X,X,X
0,1,1,1,1,1,0,0,1,1,,X,X,X,X,X,X,X
0,1,1,1,1,1,0,1,0,0,,X,X,X,X,X,X,X
0,1,1,1,1,1,0,1,0,1,,X,X,X,X,X,X,X
0,1,1,1,1,1,0,1,1,0,,X,X,X,X,X,X,X
0,1,1,1,1,1,0,1,1,1,,X,X,X,X,X,X,X
0,1,1,1,1,1,1,0,0,0,,X,X,X,X,X,X,X
0,1,1,1,1,1,1,0,0,1,,X,X,X,X,X,X,X
0,1,1,1,1,1,1,0,1,0,,X,X,X,X,X,X,X
0,1,1,1,1,1,1,0,1,1,,X,X,X,X,X,X,X
0,1,1,1,1,1,1,1,0,0,,X,X,X,X,X,X,X
0,1,1,1,1,1,1,1,0,1,,X,X,X,X,X,X,X
0,1,1,1,1,1,1,1,1,0,,X,X,X,X,X,X,X
0,1,1,1,1,1,1,1,1,1,,X,X,X,X,X,X,X
1,0,0,0,0,0,0,0,0,0,,0,1,1,0,0,0,0
1,0,0,0,0,0,0,0,0,1,,X,X,X,X,X,X,X
1,0,0,0,0,0,0,0,1,0,,X,X,X,X,X,X,X
1,0,0,0,0,0,0,0,1,1,,X,X,X,X,X,X,X
1,0,0,0,0,0,0,1,0,0,,X,X,X,X,X,X,X
1,0,0,0,0,0,0,1,0,1,,X,X,X,X,X,X,X
1,0,0,0,0,0,0,1,1,0,,X,X,X,X,X,X,X
1,0,0,0,0,0,0,1,1,1,,X,X,X,X,X,X,X
1,0,0,0,0,0,1,0,0,0,,X,X,X,X,X,X,X
1,0,0,0,0,0,1,0,0,1,,X,X,X,X,X,X,X
1,0,0,0,0,0,1,0,1,0,,X,X,X,X,X,X,X
1,0,0,0,0,0,1,0,1,1,,X,X,X,X,X,X,X
1,0,0,0,0,0,1,1,0,0,,X,X,X,X,X,X,X
1,0,0,0,0,0,1,1,0,1,,X,X,X,X,X,X,X
1,0,0,0,0,0,1,1,1,0,,X,X,X,X,X,X,X
1,0,0,0,0,0,1,1,1,1,,X,X,X,X,X,X,X
1,0,0,0,0,1,0,0,0,0,,X,X,X,X,X,X,X
1,0,0,0,0,1,0,0,0,1,,X,X,X,X,X,X,X
1,0,0,0,0,1,0,0,1,0,,X,X,X,X,X,X,X
1,0,0,0,0,1,0,0,1,1,,X,X,X,X,X,X,X
1,0,0,0,0,1,0,1,0,0,,X,X,X,X,X,X,X
1,0,0,0,0,1,0,1,0,1,,X,X,X,X,X,X,X
1,0,0,0,0,1,0,1,1,0,,X,X,X,X,X,X,X
1,0,0,0,0,1,0,1,1,1,,X,X,X,X,X,X,X
1,0,0,0,0,1,1,0,0,0,,X,X,X,X,X,X,X
1,0,0,0,0,1,1,0,0,1,,X,X,X,X,X,X,X
1,0,0,0,0,1,1,0,1,0,,X,X,X,X,X,X,X
1,0,0,0,0,1,1,0,1,1,,X,X,X,X,X,X,X
1,0,0,0,0,1,1,1,0,0,,X,X,X,X,X,X,X
1,0,0,0,0,1,1,1,0,1,,X,X,X,X,X,X,X
1,0,0,0,0,1,1,1,1,0,,X,X,X,X,X,X,X
1,0,0,0,0,1,1,1,1,1,,X,X,X,X,X,X,X
1,0,0,0,1,0,0,0,0,0,,X,X,X,X,X,X,X
1,0,0,0,1,0,0,0,0,1,,X,X,X,X,X,X,X
1,0,0,0,1,0,0,0,1,0,,X,X,X,X,X,X,X
1,0,0,0,1,0,0,0,1,1,,X,X,X,X,X,X,X
1,0,0,0,1,0,0,1,0,0,,X,X,X,X,X,X,X
1,0,0,0,1,0,0,1,0,1,,X,X,X,X,X,X,X
1,0,0,0,1,0,0,1,1,0,,X,X,X,X,X,X,X
1,0,0,0,1,0,0,1,1,1,,X,X,X,X,X,X,X
1,0,0,0,1,0,1,0,0,0,,X,X,X,X,X,X,X
1,0,0,0,1,0,1,0,0,1,,X,X,X,X,X,X,X
1,0,0,0,1,0,1,0,1,0,,X,X,X,X,X,X,X
1,0,0,0,1,0,1,0,1,1,,X,X,X,X,X,X,X
1,0,0,0,1,0,1,1,0,0,,X,X,X,X,X,X,X
1,0,0,0,1,0,1,1,0,1,,X,X,X,X,X,X,X
1,0,0,0,1,0,1,1,1,0,,X,X,X,X,X,X,X
1,0,0,0,1,0,1,1,1,1,,X,X,X,X,X,X,X
1,0,0,0,1,1,0,0,0,0,,X,X,X,X,X,X,X
1,0,0,0,1,1,0,0,0,1,,X,X,X,X,X,X,X
1,0,0,0,1,1,0,0,1,0,,X,X,X,X,X,X,X
1,0,0,0,1,1,0,0,1,1,,X,X,X,X,X,X,X
1,0,0,0,1,1,0,1,0,0,,X,X,X,X,X,X,X
1,0,0,0,1,1,0,1,0,1,,X,X,X,X,X,X,X
1,0,0,0,1,1,0,1,1,0,,X,X,X,X,X,X,X
1,0,0,0,1,1,0,1,1,1,,X,X,X,X,X,X,X
1,0,0,0,1,1,1,0,0,0,,X,X,X,X,X,X,X
1,0,0,0,1,1,1,0,0,1,,X,X,X,X,X,X,X
1,0,0,0,1,1,1,0,1,0,,X,X,X,X,X,X,X
1,0,0,0,1,1,1,0,1,1,,X,X,X,X,X,X,X
1,0,0,0,1,1,1,1,0,0,,X,X,X,X,X,X,X
1,0,0,0,1,1,1,1,0,1,,X,X,X,X,X,X,X
1,0,0,0,1,1,1,1,1,0,,X,X,X,X,X,X,X
1,0,0,0,1,1,1,1,1,1,,X,X,X,X,X,X,X
1,0,0,1,0,0,0,0,0,0,,X,X,X,X,X,X,X
1,0,0,1,0,0,0,0,0,1,,X,X,X,X,X,X,X
1,0,0,1,0,0,0,0,1,0,,X,X,X,X,X,X,X
1,0,0,1,0,0,0,0,1,1,,X,X,X,X,X,X,X
1,0,0,1,0,0,0,1,0,0,,X,X,X,X,X,X,X
1,0,0,1,0,0,0,1,0,1,,X,X,X,X,X,X,X
1,0,0,1,0,0,0,1,1,0,,X,X,X,X,X,X,X
1,0,0,1,0,0,0,1,1,1,,X,X,X,X,X,X,X
1,0,0,1,0,0,1,0,0,0,,X,X,X,X,X,X,X
1,0,0,1,0,0,1,0,0,1,,X,X,X,X,X,X,X
1,0,0,1,0,0,1,0,1,0,,X,X,X,X,X,X,X
1,0,0,1,0,0,1,0,1,1,,X,X,X,X,X,X,X
1,0,0,1,0,0,1,1,0,0,,X,X,X,X,X,X,X
1,0,0,1,0,0,1,1,0,1,,X,X,X,X,X,X,X
1,0,0,1,0,0,1,1,1,0,,X,X,X,X,X,X,X
1,0,0,1,0,0,1,1,1,1,,X,X,X,X,X,X,X
1,0,0,1,0,1,0,0,0,0,,X,X,X,X,X,X,X
1,0,0,1,0,1,0,0,0,1,,X,X,X,X,X,X,X
1,0,0,1,0,1,0,0,1,0,,X,X,X,X,X,X,X
1,0,0,1,0,1,0,0,1,1,,X,X,X,X,X,X,X
1,0,0,1,0,1,0,1,0,0,,X,X,X,X,X,X,X
1,0,0,1,0,1,0,1,0,1,,X,X,X,X,X,X,X
1,0,0,1,0,1,0,1,1,0,,X,X,X,X,X,X,X
1,0,0,1,0,1,0,1,1,1,,X,X,X,X,X,X,X
1,0,0,1,0,1,1,0,0,0,,X,X,X,X,X,X,X
1,0,0,1,0,1,1,0,0,1,,X,X,X,X,X,X,X
1,0,0,1,0,1,1,0,1,0,,X,X,X,X,X,X,X
1,0,0,1,0,1,1,0,1,1,,X,X,X,X,X,X,X
1,0,0,1,0,1,1,1,0,0,,X,X,X,X,X,X,X
1,0,0,1,0,1,1,1,0,1,,X,X,X,X,X,X,X
1,0,0,1,0,1,1,1,1,0,,X,X,X,X,X,X,X
1,0,0,1,0,1,1,1,1,1,,X,X,X,X,X,X,X
1,0,0,1,1,0,0,0,0,0,,X,X,X,X,X,X,X
1,0,0,1,1,0,0,0,0,1,,X,X,X,X,X,X,X
1,0,0,1,1,0,0,0,1,0,,X,X,X,X,X,X,X
1,0,0,1,1,0,0,0,1,1,,X,X,X,X,X,X,X
1,0,0,1,1,0,0,1,0,0,,X,X,X,X,X,X,X
1,0,0,1,1,0,0,1,0,1,,X,X,X,X,X,X,X
1,0,0,1,1,0,0,1,1,0,,X,X,X,X,X,X,X
1,0,0,1,1,0,0,1,1,1,,X,X,X,X,X,X,X
1,0,0,1,1,0,1,0,0,0,,X,X,X,X,X,X,X
1,0,0,1,1,0,1,0,0,1,,X,X,X,X,X,X,X
1,0,0,1,1,0,1,0,1,0,,X,X,X,X,X,X,X
1,0,0,1,1,0,1,0,1,1,,X,X,X,X,X,X,X
1,0,0,1,1,0,1,1,0,0,,X,X,X,X,X,X,X
1,0,0,1,1,0,1,1,0,1,,X,X,X,X,X,X,X
1,0,0,1,1,0,1,1,1,0,,X,X,X,X,X,X,X
1,0,0,1,1,0,1,1,1,1,,X,X,X,X,X,X,X
1,0,0,1,1,1,0,0,0,0,,X,X,X,X,X,X,X
1,0,0,1,1,1,0,0,0,1,,X,X,X,X,X,X,X
1,0,0,1,1,1,0,0,1,0,,X,X,X,X,X,X,X
1,0,0,1,1,1,0,0,1,1,,X,X,X,X,X,X,X
1,0,0,1,1,1,0,1,0,0,,X,X,X,X,X,X,X
1,0,0,1,1,1,0,1,0,1,,X,X,X,X,X,X,X
1,0,0,1,1,1,0,1,1,0,,X,X,X,X,X,X,X
1,0,0,1,1,1,0,1,1,1,,X,X,X,X,X,X,X
1,0,0,1,1,1,1,0,0,0,,X,X,X,X,X,X,X
1,0,0,1,1,1,1,0,0,1,,X,X,X,X,X,X,X
1,0,0,1,1,1,1,0,1,0,,X,X,X,X,X,X,X
1,0,0,1,1,1,1,0,1,1,,X,X,X,X,X,X,X
1,0,0,1,1,1,1,1,0,0,,X,X,X,X,X,X,X
1,0,0,1,1,1,1,1,0,1,,X,X,X,X,X,X,X
1,0,0,1,1,1,1,1,1,0,,X,X,X,X,X,X,X
1,0,0,1,1,1,1,1,1,1,,X,X,X,X,X,X,X
1,0,1,0,0,0,0,0,0,0,,X,X,X,X,X,X,X
1,0,1,0,0,0,0,0,0,1,,X,X,X,X,X,X,X
1,0,1,0,0,0,0,0,1,0,,X,X,X,X,X,X,X
1,0,1,0,0,0,0,0,1,1,,X,X,X,X,X,X,X
1,0,1,0,0,0,0,1,0,0,,X,X,X,X,X,X,X
1,0,1,0,0,0,0,1,0,1,,X,X,X,X,X,X,X
1,0,1,0,0,0,0,1,1,0,,X,X,X,X,X,X,X
1,0,1,0,0,0,0,1,1,1,,X,X,X,X,X,X,X
1,0,1,0,0,0,1,0,0,0,,X,X,X,X,X,X,X
1,0,1,0,0,0,1,0,0,1,,X,X,X,X,X,X,X
1,0,1,0,0,0,1,0,1,0,,X,X,X,X,X,X,X
1,0,1,0,0,0,1,0,1,1,,X,X,X,X,X,X,X
1,0,1,0,0,0,1,1,0,0,,X,X,X,X,X,X,X
1,0,1,0,0,0,1,1,0,1,,X,X,X,X,X,X,X
1,0,1,0,0,0,1,1,1,0,,X,X,X,X,X,X,X
1,0,1,0,0,0,1,1,1,1,,X,X,X,X,X,X,X
1,0,1,0,0,1,0,0,0,0,,X,X,X,X,X,X,X
1,0,1,0,0,1,0,0,0,1,,X,X,X,X,X,X,X
1,0,1,0,0,1,0,0,1,0,,X,X,X,X,X,X,X
1,0,1,0,0,1,0,0,1,1,,X,X,X,X,X,X,X
1,0,1,0,0,1,0,1,0,0,,X,X,X,X,X,X,X
1,0,1,0,0,1,0,1,0,1,,X,X,X,X,X,X,X
1,0,1,0,0,1,0,1,1,0,,X,X,X,X,X,X,X
1,0,1,0,0,1,0,1,1,1,,X,X,X,X,X,X,X
1,0,1,0,0,1,1,0,0,0,,X,X,X,X,X,X,X
1,0,1,0,0,1,1,0,0,1,,X,X,X,X,X,X,X
1,0,1,0,0,1,1,0,1,0,,X,X,X,X,X,X,X
1,0,1,0,0,1,1,0,1,1,,X,X,X,X,X,X,X
1,0,1,0,0,1,1,1,0,0,,X,X,X,X,X,X,X
1,0,1,0,0,1,1,1,0,1,,X,X,X,X,X,X,X
1,0,1,0,0,1,1,1,1,0,,X,X,X,X,X,X,X
1,0,1,0,0,1,1,1,1,1,,X,X,X,X,X,X,X
1,0,1,0,1,0,0,0,0,0,,X,X,X,X,X,X,X
1,0,1,0,1,0,0,0,0,1,,X,X,X,X,X,X,X
1,0,1,0,1,0,0,0,1,0,,X,X,X,X,X,X,X
1,0,1,0,1,0,0,0,1,1,,X,X,X,X,X,X,X
1,0,1,0,1,0,0,1,0,0,,X,X,X,X,X,X,X
1,0,1,0,1,0,0,1,0,1,,X,X,X,X,X,X,X
1,0,1,0,1,0,0,1,1,0,,X,X,X,X,X,X,X
1,0,1,0,1,0,0,1,1,1,,X,X,X,X,X,X,X
1,0,1,0,1,0,1,0,0,0,,X,X,X,X,X,X,X
1,0,1,0,1,0,1,0,0,1,,X,X,X,X,X,X,X
1,0,1,0,1,0,1,0,1,0,,X,X,X,X,X,X,X
1,0,1,0,1,0,1,0,1,1,,X,X,X,X,X,X,X
1,0,1,0,1,0,1,1,0,0,,X,X,X,X,X,X,X
1,0,1,0,1,0,1,1,0,1,,X,X,X,X,X,X,X
1,0,1,0,1,0,1,1,1,0,,X,X,X,X,X,X,X
1,0,1,0,1,0,1,1,1,1,,X,X,X,X,X,X,X
1,0,1,0,1,1,0,0,0,0,,X,X,X,X,X,X,X
1,0,1,0,1,1,0,0,0,1,,X,X,X,X,X,X,X
1,0,1,0,1,1,0,0,1,0,,X,X,X,X,X,X,X
1,0,1,0,1,1,0,0,1,1,,X,X,X,X,X,X,X
1,0,1,0,1,1,0,1,0,0,,X,X,X,X,X,X,X
1,0,1,0,1,1,0,1,0,1,,X,X,X,X,X,X,X
1,0,1,0,1,1,0,1,1,0,,X,X,X,X,X,X,X
1,0,1,0,1,1,0,1,1,1,,X,X,X,X,X,X,X
1,0,1,0,1,1,1,0,0,0,,X,X,X,X,X,X,X
1,0,1,0,1,1,1,0,0,1,,X,X,X,X,X,X,X
1,0,1,0,1,1,1,0,1,0,,X,X,X,X,X,X,X
1,0,1,0,1,1,1,0,1,1,,X,X,X,X,X,X,X
1,0,1,0,1,1,1,1,0,0,,X,X,X,X,X,X,X
1,0,1,0,1,1,1,1,0,1,,X,X,X,X,X,X,X
1,0,1,0,1,1,1,1,1,0,,X,X,X,X,X,X,X
1,0,1,0,1,1,1,1,1,1,,X,X,X,X,X,X,X
1,0,1,1,0,0,0,0,0,0,,X,X,X,X,X,X,X
1,0,1,1,0,0,0,0,0,1,,X,X,X,X,X,X,X
1,0,1,1,0,0,0,0,1,0,,X,X,X,X,X,X,X
1,0,1,1,0,0,0,0,1,1,,X,X,X,X,X,X,X
1,0,1,1,0,0,0,1,0,0,,X,X,X,X,X,X,X
1,0,1,1,0,0,0,1,0,1,,X,X,X,X,X,X,X
1,0,1,1,0,0,0,1,1,0,,X,X,X,X,X,X,X
1,0,1,1,0,0,0,1,1,1,,X,X,X,X,X,X,X
1,0,1,1,0,0,1,0,0,0,,X,X,X,X,X,X,X
1,0,1,1,0,0,1,0,0,1,,X,X,X,X,X,X,X
1,0,1,1,0,0,1,0,1,0,,X,X,X,X,X,X,X
1,0,1,1,0,0,1,0,1,1,,X,X,X,X,X,X,X
1,0,1,1,0,0,1,1,0,0,,X,X,X,X,X,X,X
1,0,1,1,0,0,1,1,0,1,,X,X,X,X,X,X,X
1,0,1,1,0,0,1,1,1,0,,X,X,X,X,X,X,X
1,0,1,1,0,0,1,1,1,1,,X,X,X,X,X,X,X
1,0,1,1,0,1,0,0,0,0,,X,X,X,X,X,X,X
1,0,1,1,0,1,0,0,0,1,,X,X,X,X,X,X,X
1,0,1,1,0,1,0,0,1,0,,X,X,X,X,X,X,X
1,0,1,1,0,1,0,0,1,1,,X,X,X,X,X,X,X
1,0,1,1,0,1,0,1,0,0,,X,X,X,X,X,X,X
1,0,1,1,0,1,0,1,0,1,,X,X,X,X,X,X,X
1,0,1,1,0,1,0,1,1,0,,X,X,X,X,X,X,X
1,0,1,1,0,1,0,1,1,1,,X,X,X,X,X,X,X
1,0,1,1,0,1,1,0,0,0,,X,X,X,X,X,X,X
1,0,1,1,0,1,1,0,0,1,,X,X,X,X,X,X,X
1,0,1,1,0,1,1,0,1,0,,X,X,X,X,X,X,X
1,0,1,1,0,1,1,0,1,1,,X,X,X,X,X,X,X
1,0,1,1,0,1,1,1,0,0,,X,X,X,X,X,X,X
1,0,1,1,0,1,1,1,0,1,,X,X,X,X,X,X,X
1,0,1,1,0,1,1,1,1,0,,X,X,X,X,X,X,X
1,0,1,1,0,1,1,1,1,1,,X,X,X,X,X,X,X
1,0,1,1,1,0,0,0,0,0,,X,X,X,X,X,X,X
1,0,1,1,1,0,0,0,0,1,,X,X,X,X,X,X,X
1,0,1,1,1,0,0,0,1,0,,X,X,X,X,X,X,X
1,0,1,1,1,0,0,0,1,1,,X,X,X,X,X,X,X
1,0,1,1,1,0,0,1,0,0,,X,X,X,X,X,X,X
1,0,1,1,1,0,0,1,0,1,,X,X,X,X,X,X,X
1,0,1,1,1,0,0,1,1,0,,X,X,X,X,X,X,X
1,0,1,1,1,0,0,1,1,1,,X,X,X,X,X,X,X
1,0,1,1,1,0,1,0,0,0,,X,X,X,X,X,X,X
1,0,1,1,1,0,1,0,0,1,,X,X,X,X,X,X,X
1,0,1,1,1,0,1,0,1,0,,X,X,X,X,X,X,X
1,0,1,1,1,0,1,0,1,1,,X,X,X,X,X,X,X
1,0,1,1,1,0,1,1,0,0,,X,X,X,X,X,X,X
1,0,1,1,1,0,1,1,0,1,,X,X,X,X,X,X,X
1,0,1,1,1,0,1,1,1,0,,X,X,X,X,X,X,X
1,0,1,1,1,0,1,1,1,1,,X,X,X,X,X,X,X
1,0,1,1,1,1,0,0,0,0,,X,X,X,X,X,X,X
1,0,1,1,1,1,0,0,0,1,,X,X,X,X,X,X,X
1,0,1,1,1,1,0,0,1,0,,X,X,X,X,X,X,X
1,0,1,1,1,1,0,0,1,1,,X,X,X,X,X,X,X
1,0,1,1,1,1,0,1,0,0,,X,X,X,X,X,X,X
1,0,1,1,1,1,0,1,0,1,,X,X,X,X,X,X,X
1,0,1,1,1,1,0,1,1,0,,X,X,X,X,X,X,X
1,0,1,1,1,1,0,1,1,1,,X,X,X,X,X,X,X
1,0,1,1,1,1,1,0,0,0,,X,X,X,X,X,X,X
1,0,1,1,1,1,1,0,0,1,,X,X,X,X,X,X,X
1,0,1,1,1,1,1,0,1,0,,X,X,X,X,X,X,X
1,0,1,1,1,1,1,0,1,1,,X,X,X,X,X,X,X
1,0,1,1,1,1,1,1,0,0,,X,X,X,X,X,X,X
1,0,1,1,1,1,1,1,0,1,,X,X,X,X,X,X,X
1,0,1,1,1,1,1,1,1,0,,X,X,X,X,X,X,X
1,0,1,1,1,1,1,1,1,1,,X,X,X,X,X,X,X
1,1,0,0,0,0,0,0,0,0,,X,X,X,X,X,X,X
1,1,0,0,0,0,0,0,0,1,,X,X,X,X,X,X,X
1,1,0,0,0,0,0,0,1,0,,X,X,X,X,X,X,X
1,1,0,0,0,0,0,0,1,1,,X,X,X,X,X,X,X
1,1,0,0,0,0,0,1,0,0,,X,X,X,X,X,X,X
1,1,0,0,0,0,0,1,0,1,,X,X,X,X,X,X,X
1,1,0,0,0,0,0,1,1,0,,X,X,X,X,X,X,X
1,1,0,0,0,0,0,1,1,1,,X,X,X,X,X,X,X
1,1,0,0,0,0,1,0,0,0,,X,X,X,X,X,X,X
1,1,0,0,0,0,1,0,0,1,,X,X,X,X,X,X,X
1,1,0,0,0,0,1,0,1,0,,X,X,X,X,X,X,X
1,1,0,0,0,0,1,0,1,1,,X,X,X,X,X,X,X
1,1,0,0,0,0,1,1,0,0,,X,X,X,X,X,X,X
1,1,0,0,0,0,1,1,0,1,,X,X,X,X,X,X,X
1,1,0,0,0,0,1,1,1,0,,X,X,X,X,X,X,X
1,1,0,0,0,0,1,1,1,1,,X,X,X,X,X,X,X
1,1,0,0,0,1,0,0,0,0,,X,X,X,X,X,X,X
1,1,0,0,0,1,0,0,0,1,,X,X,X,X,X,X,X
1,1,0,0,0,1,0,0,1,0,,X,X,X,X,X,X,X
1,1,0,0,0,1,0,0,1,1,,X,X,X,X,X,X,X
1,1,0,0,0,1,0,1,0,0,,X,X,X,X,X,X,X
1,1,0,0,0,1,0,1,0,1,,X,X,X,X,X,X,X
1,1,0,0,0,1,0,1,1,0,,X,X,X,X,X,X,X
1,1,0,0,0,1,0,1,1,1,,X,X,X,X,X,X,X
1,1,0,0,0,1,1,0,0,0,,X,X,X,X,X,X,X
1,1,0,0,0,1,1,0,0,1,,X,X,X,X,X,X,X
1,1,0,0,0,1,1,0,1,0,,X,X,X,X,X,X,X
1,1,0,0,0,1,1,0,1,1,,X,X,X,X,X,X,X
1,1,0,0,0,1,1,1,0,0,,X,X,X,X,X,X,X
1,1,0,0,0,1,1,1,0,1,,X,X,X,X,X,X,X
1,1,0,0,0,1,1,1,1,0,,X,X,X,X,X,X,X
1,1,0,0,0,1,1,1,1,1,,X,X,X,X,X,X,X
1,1,0,0,1,0,0,0,0,0,,X,X,X,X,X,X,X
1,1,0,0,1,0,0,0,0,1,,X,X,X,X,X,X,X
1,1,0,0,1,0,0,0,1,0,,X,X,X,X,X,X,X
1,1,0,0,1,0,0,0,1,1,,X,X,X,X,X,X,X
1,1,0,0,1,0,0,1,0,0,,X,X,X,X,X,X,X
1,1,0,0,1,0,0,1,0,1,,X,X,X,X,X,X,X
1,1,0,0,1,0,0,1,1,0,,X,X,X,X,X,X,X
1,1,0,0,1,0,0,1,1,1,,X,X,X,X,X,X,X
1,1,0,0,1,0,1,0,0,0,,X,X,X,X,X,X,X
1,1,0,0,1,0,1,0,0,1,,X,X,X,X,X,X,X
1,1,0,0,1,0,1,0,1,0,,X,X,X,X,X,X,X
1,1,0,0,1,0,1,0,1,1,,X,X,X,X,X,X,X
1,1,0,0,1,0,1,1,0,0,,X,X,X,X,X,X,X
1,1,0,0,1,0,1,1,0,1,,X,X,X,X,X,X,X
1,1,0,0,1,0,1,1,1,0,,X,X,X,X,X,X,X
1,1,0,0,1,0,1,1,1,1,,X,X,X,X,X,X,X
1,1,0,0,1,1,0,0,0,0,,X,X,X,X,X,X,X
1,1,0,0,1,1,0,0,0,1,,X,X,X,X,X,X,X
1,1,0,0,1,1,0,0,1,0,,X,X,X,X,X,X,X
1,1,0,0,1,1,0,0,1,1,,X,X,X,X,X,X,X
1,1,0,0,1,1,0,1,0,0,,X,X,X,X,X,X,X
1,1,0,0,1,1,0,1,0,1,,X,X,X,X,X,X,X
1,1,0,0,1,1,0,1,1,0,,X,X,X,X,X,X,X
1,1,0,0,1,1,0,1,1,1,,X,X,X,X,X,X,X
1,1,0,0,1,1,1,0,0,0,,X,X,X,X,X,X,X
1,1,0,0,1,1,1,0,0,1,,X,X,X,X,X,X,X
1,1,0,0,1,1,1,0,1,0,,X,X,X,X,X,X,X
1,1,0,0,1,1,1,0,1,1,,X,X,X,X,X,X,X
1,1,0,0,1,1,1,1,0,0,,X,X,X,X,X,X,X
1,1,0,0,1,1,1,1,0,1,,X,X,X,X,X,X,X
1,1,0,0,1,1,1,1,1,0,,X,X,X,X,X,X,X
1,1,0,0,1,1,1,1,1,1,,X,X,X,X,X,X,X
1,1,0,1,0,0,0,0,0,0,,X,X,X,X,X,X,X
1,1,0,1,0,0,0,0,0,1,,X,X,X,X,X,X,X
1,1,0,1,0,0,0,0,1,0,,X,X,X,X,X,X,X
1,1,0,1,0,0,0,0,1,1,,X,X,X,X,X,X,X
1,1,0,1,0,0,0,1,0,0,,X,X,X,X,X,X,X
1,1,0,1,0,0,0,1,0,1,,X,X,X,X,X,X,X
1,1,0,1,0,0,0,1,1,0,,X,X,X,X,X,X,X
1,1,0,1,0,0,0,1,1,1,,X,X,X,X,X,X,X
1,1,0,1,0,0,1,0,0,0,,X,X,X,X,X,X,X
1,1,0,1,0,0,1,0,0,1,,X,X,X,X,X,X,X
1,1,0,1,0,0,1,0,1,0,,X,X,X,X,X,X,X
1,1,0,1,0,0,1,0,1,1,,X,X,X,X,X,X,X
1,1,0,1,0,0,1,1,0,0,,X,X,X,X,X,X,X
1,1,0,1,0,0,1,1,0,1,,X,X,X,X,X,X,X
1,1,0,1,0,0,1,1,1,0,,X,X,X,X,X,X,X
1,1,0,1,0,0,1,1,1,1,,X,X,X,X,X,X,X
1,1,0,1,0,1,0,0,0,0,,X,X,X,X,X,X,X
1,1,0,1,0,1,0,0,0,1,,X,X,X,X,X,X,X
1,1,0,1,0,1,0,0,1,0,,X,X,X,X,X,X,X
1,1,0,1,0,1,0,0,1,1,,X,X,X,X,X,X,X
1,1,0,1,0,1,0,1,0,0,,X,X,X,X,X,X,X
1,1,0,1,0,1,0,1,0,1,,X,X,X,X,X,X,X
1,1,0,1,0,1,0,1,1,0,,X,X,X,X,X,X,X
1,1,0,1,0,1,0,1,1,1,,X,X,X,X,X,X,X
1,1,0,1,0,1,1,0,0,0,,X,X,X,X,X,X,X
1,1,0,1,0,1,1,0,0,1,,X,X,X,X,X,X,X
1,1,0,1,0,1,1,0,1,0,,X,X,X,X,X,X,X
1,1,0,1,0,1,1,0,1,1,,X,X,X,X,X,X,X
1,1,0,1,0,1,1,1,0,0,,X,X,X,X,X,X,X
1,1,0,1,0,1,1,1,0,1,,X,X,X,X,X,X,X
1,1,0,1,0,1,1,1,1,0,,X,X,X,X,X,X,X
1,1,0,1,0,1,1,1,1,1,,X,X,X,X,X,X,X
1,1,0,1,1,0,0,0,0,0,,X,X,X,X,X,X,X
1,1,0,1,1,0,0,0,0,1,,X,X,X,X,X,X,X
1,1,0,1,1,0,0,0,1,0,,X,X,X,X,X,X,X
1,1,0,1,1,0,0,0,1,1,,X,X,X,X,X,X,X
1,1,0,1,1,0,0,1,0,0,,X,X,X,X,X,X,X
1,1,0,1,1,0,0,1,0,1,,X,X,X,X,X,X,X
1,1,0,1,1,0,0,1,1,0,,X,X,X,X,X,X,X
1,1,0,1,1,0,0,1,1,1,,X,X,X,X,X,X,X
1,1,0,1,1,0,1,0,0,0,,X,X,X,X,X,X,X
1,1,0,1,1,0,1,0,0,1,,X,X,X,X,X,X,X
1,1,0,1,1,0,1,0,1,0,,X,X,X,X,X,X,X
1,1,0,1,1,0,1,0,1,1,,X,X,X,X,X,X,X
1,1,0,1,1,0,1,1,0,0,,X,X,X,X,X,X,X
1,1,0,1,1,0,1,1,0,1,,X,X,X,X,X,X,X
1,1,0,1,1,0,1,1,1,0,,X,X,X,X,X,X,X
1,1,0,1,1,0,1,1,1,1,,X,X,X,X,X,X,X
1,1,0,1,1,1,0,0,0,0,,X,X,X,X,X,X,X
1,1,0,1,1,1,0,0,0,1,,X,X,X,X,X,X,X
1,1,0,1,1,1,0,0,1,0,,X,X,X,X,X,X,X
1,1,0,1,1,1,0,0,1,1,,X,X,X,X,X,X,X
1,1,0,1,1,1,0,1,0,0,,X,X,X,X,X,X,X
1,1,0,1,1,1,0,1,0,1,,X,X,X,X,X,X,X
1,1,0,1,1,1,0,1,1,0,,X,X,X,X,X,X,X
1,1,0,1,1,1,0,1,1,1,,X,X,X,X,X,X,X
1,1,0,1,1,1,1,0,0,0,,X,X,X,X,X,X,X
1,1,0,1,1,1,1,0,0,1,,X,X,X,X,X,X,X
1,1,0,1,1,1,1,0,1,0,,X,X,X,X,X,X,X
1,1,0,1,1,1,1,0,1,1,,X,X,X,X,X,X,X
1,1,0,1,1,1,1,1,0,0,,X,X,X,X,X,X,X
1,1,0,1,1,1,1,1,0,1,,X,X,X,X,X,X,X
1,1,0,1,1,1,1,1,1,0,,X,X,X,X,X,X,X
1,1,0,1,1,1,1,1,1,1,,X,X,X,X,X,X,X
1,1,1,0,0,0,0,0,0,0,,X,X,X,X,X,X,X
1,1,1,0,0,0,0,0,0,1,,X,X,X,X,X,X,X
1,1,1,0,0,0,0,0,1,0,,X,X,X,X,X,X,X
1,1,1,0,0,0,0,0,1,1,,X,X,X,X,X,X,X
1,1,1,0,0,0,0,1,0,0,,X,X,X,X,X,X,X
1,1,1,0,0,0,0,1,0,1,,X,X,X,X,X,X,X
1,1,1,0,0,0,0,1,1,0,,X,X,X,X,X,X,X
1,1,1,0,0,0,0,1,1,1,,X,X,X,X,X,X,X
1,1,1,0,0,0,1,0,0,0,,X,X,X,X,X,X,X
1,1,1,0,0,0,1,0,0,1,,X,X,X,X,X,X,X
1,1,1,0,0,0,1,0,1,0,,X,X,X,X,X,X,X
1,1,1,0,0,0,1,0,1,1,,X,X,X,X,X,X,X
1,1,1,0,0,0,1,1,0,0,,X,X,X,X,X,X,X
1,1,1,0,0,0,1,1,0,1,,X,X,X,X,X,X,X
1,1,1,0,0,0,1,1,1,0,,X,X,X,X,X,X,X
1,1,1,0,0,0,1,1,1,1,,X,X,X,X,X,X,X
1,1,1,0,0,1,0,0,0,0,,X,X,X,X,X,X,X
1,1,1,0,0,1,0,0,0,1,,X,X,X,X,X,X,X
1,1,1,0,0,1,0,0,1,0,,X,X,X,X,X,X,X
1,1,1,0,0,1,0,0,1,1,,X,X,X,X,X,X,X
1,1,1,0,0,1,0,1,0,0,,X,X,X,X,X,X,X
1,1,1,0,0,1,0,1,0,1,,X,X,X,X,X,X,X
1,1,1,0,0,1,0,1,1,0,,X,X,X,X,X,X,X
1,1,1,0,0,1,0,1,1,1,,X,X,X,X,X,X,X
1,1,1,0,0,1,1,0,0,0,,X,X,X,X,X,X,X
1,1,1,0,0,1,1,0,0,1,,X,X,X,X,X,X,X
1,1,1,0,0,1,1,0,1,0,,X,X,X,X,X,X,X
1,1,1,0,0,1,1,0,1,1,,X,X,X,X,X,X,X
1,1,1,0,0,1,1,1,0,0,,X,X,X,X,X,X,X
1,1,1,0,0,1,1,1,0,1,,X,X,X,X,X,X,X
1,1,1,0,0,1,1,1,1,0,,X,X,X,X,X,X,X
1,1,1,0,0,1,1,1,1,1,,X,X,X,X,X,X,X
1,1,1,0,1,0,0,0,0,0,,X,X,X,X,X,X,X
1,1,1,0,1,0,0,0,0,1,,X,X,X,X,X,X,X
1,1,1,0,1,0,0,0,1,0,,X,X,X,X,X,X,X
1,1,1,0,1,0,0,0,1,1,,X,X,X,X,X,X,X
1,1,1,0,1,0,0,1,0,0,,X,X,X,X,X,X,X
1,1,1,0,1,0,0,1,0,1,,X,X,X,X,X,X,X
1,1,1,0,1,0,0,1,1,0,,X,X,X,X,X,X,X
1,1,1,0,1,0,0,1,1,1,,X,X,X,X,X,X,X
1,1,1,0,1,0,1,0,0,0,,X,X,X,X,X,X,X
1,1,1,0,1,0,1,0,0,1,,X,X,X,X,X,X,X
1,1,1,0,1,0,1,0,1,0,,X,X,X,X,X,X,X
1,1,1,0,1,0,1,0,1,1,,X,X,X,X,X,X,X
1,1,1,0,1,0,1,1,0,0,,X,X,X,X,X,X,X
1,1,1,0,1,0,1,1,0,1,,X,X,X,X,X,X,X
1,1,1,0,1,0,1,1,1,0,,X,X,X,X,X,X,X
1,1,1,0,1,0,1,1,1,1,,X,X,X,X,X,X,X
1,1,1,0,1,1,0,0,0,0,,X,X,X,X,X,X,X
1,1,1,0,1,1,0,0,0,1,,X,X,X,X,X,X,X
1,1,1,0,1,1,0,0,1,0,,X,X,X,X,X,X,X
1,1,1,0,1,1,0,0,1,1,,X,X,X,X,X,X,X
1,1,1,0,1,1,0,1,0,0,,X,X,X,X,X,X,X
1,1,1,0,1,1,0,1,0,1,,X,X,X,X,X,X,X
1,1,1,0,1,1,0,1,1,0,,X,X,X,X,X,X,X
1,1,1,0,1,1,0,1,1,1,,X,X,X,X,X,X,X
1,1,1,0,1,1,1,0,0,0,,X,X,X,X,X,X,X
1,1,1,0,1,1,1,0,0,1,,X,X,X,X,X,X,X
1,1,1,0,1,1,1,0,1,0,,X,X,X,X,X,X,X
1,1,1,0,1,1,1,0,1,1,,X,X,X,X,X,X,X
1,1,1,0,1,1,1,1,0,0,,X,X,X,X,X,X,X
1,1,1,0,1,1,1,1,0,1,,X,X,X,X,X,X,X
1,1,1,0,1,1,1,1,1,0,,X,X,X,X,X,X,X
1,1,1,0,1,1,1,1,1,1,,X,X,X,X,X,X,X
1,1,1,1,0,0,0,0,0,0,,X,X,X,X,X,X,X
1,1,1,1,0,0,0,0,0,1,,X,X,X,X,X,X,X
1,1,1,1,0,0,0,0,1,0,,X,X,X,X,X,X,X
1,1,1,1,0,0,0,0,1,1,,X,X,X,X,X,X,X
1,1,1,1,0,0,0,1,0,0,,X,X,X,X,X,X,X
1,1,1,1,0,0,0,1,0,1,,X,X,X,X,X,X,X
1,1,1,1,0,0,0,1,1,0,,X,X,X,X,X,X,X
1,1,1,1,0,0,0,1,1,1,,X,X,X,X,X,X,X
1,1,1,1,0,0,1,0,0,0,,X,X,X,X,X,X,X
1,1,1,1,0,0,1,0,0,1,,X,X,X,X,X,X,X
1,1,1,1,0,0,1,0,1,0,,X,X,X,X,X,X,X
1,1,1,1,0,0,1,0,1,1,,X,X,X,X,X,X,X
1,1,1,1,0,0,1,1,0,0,,X,X,X,X,X,X,X
1,1,1,1,0,0,1,1,0,1,,X,X,X,X,X,X,X
1,1,1,1,0,0,1,1,1,0,,X,X,X,X,X,X,X
1,1,1,1,0,0,1,1,1,1,,X,X,X,X,X,X,X
1,1,1,1,0,1,0,0,0,0,,X,X,X,X,X,X,X
1,1,1,1,0,1,0,0,0,1,,X,X,X,X,X,X,X
1,1,1,1,0,1,0,0,1,0,,X,X,X,X,X,X,X
1,1,1,1,0,1,0,0,1,1,,X,X,X,X,X,X,X
1,1,1,1,0,1,0,1,0,0,,X,X,X,X,X,X,X
1,1,1,1,0,1,0,1,0,1,,X,X,X,X,X,X,X
1,1,1,1,0,1,0,1,1,0,,X,X,X,X,X,X,X
1,1,1,1,0,1,0,1,1,1,,X,X,X,X,X,X,X
1,1,1,1,0,1,1,0,0,0,,X,X,X,X,X,X,X
1,1,1,1,0,1,1,0,0,1,,X,X,X,X,X,X,X
1,1,1,1,0,1,1,0,1,0,,X,X,X,X,X,X,X
1,1,1,1,0,1,1,0,1,1,,X,X,X,X,X,X,X
1,1,1,1,0,1,1,1,0,0,,X,X,X,X,X,X,X
1,1,1,1,0,1,1,1,0,1,,X,X,X,X,X,X,X
1,1,1,1,0,1,1,1,1,0,,X,X,X,X,X,X,X
1,1,1,1,0,1,1,1,1,1,,X,X,X,X,X,X,X
1,1,1,1,1,0,0,0,0,0,,X,X,X,X,X,X,X
1,1,1,1,1,0,0,0,0,1,,X,X,X,X,X,X,X
1,1,1,1,1,0,0,0,1,0,,X,X,X,X,X,X,X
1,1,1,1,1,0,0,0,1,1,,X,X,X,X,X,X,X
1,1,1,1,1,0,0,1,0,0,,X,X,X,X,X,X,X
1,1,1,1,1,0,0,1,0,1,,X,X,X,X,X,X,X
1,1,1,1,1,0,0,1,1,0,,X,X,X,X,X,X,X
1,1,1,1,1,0,0,1,1,1,,X,X,X,X,X,X,X
1,1,1,1,1,0,1,0,0,0,,X,X,X,X,X,X,X
1,1,1,1,1,0,1,0,0,1,,X,X,X,X,X,X,X
1,1,1,1,1,0,1,0,1,0,,X,X,X,X,X,X,X
1,1,1,1,1,0,1,0,1,1,,X,X,X,X,X,X,X
1,1,1,1,1,0,1,1,0,0,,X,X,X,X,X,X,X
1,1,1,1,1,0,1,1,0,1,,X,X,X,X,X,X,X
1,1,1,1,1,0,1,1,1,0,,X,X,X,X,X,X,X
1,1,1,1,1,0,1,1,1,1,,X,X,X,X,X,X,X
1,1,1,1,1,1,0,0,0,0,,X,X,X,X,X,X,X
1,1,1,1,1,1,0,0,0,1,,X,X,X,X,X,X,X
1,1,1,1,1,1,0,0,1,0,,X,X,X,X,X,X,X
1,1,1,1,1,1,0,0,1,1,,X,X,X,X,X,X,X
1,1,1,1,1,1,0,1,0,0,,X,X,X,X,X,X,X
1,1,1,1,1,1,0,1,0,1,,X,X,X,X,X,X,X
1,1,1,1,1,1,0,1,1,0,,X,X,X,X,X,X,X
1,1,1,1,1,1,0,1,1,1,,X,X,X,X,X,X,X
1,1,1,1,1,1,1,0,0,0,,X,X,X,X,X,X,X
1,1,1,1,1,1,1,0,0,1,,X,X,X,X,X,X,X
1,1,1,1,1,1,1,0,1,0,,X,X,X,X,X,X,X
1,1,1,1,1,1,1,0,1,1,,X,X,X,X,X,X,X
1,1,1,1,1,1,1,1,0,0,,X,X,X,X,X,X,X
1,1,1,1,1,1,1,1,0,1,,X,X,X,X,X,X,X
1,1,1,1,1,1,1,1,1,0,,X,X,X,X,X,X,X
1,1,1,1,1,1,1,1,1,1,,X,X,X,X,X,X,X
